readpair	integr_hotspot	chr1	pos1	chr2	pos2	EBV_cluster
A00155:256:HWMGCDSXX:4:2624:6578:28072		1	24729236	NC_007605	112676	
A00155:256:HWMGCDSXX:4:2559:9281:16031		1	25034311	NC_007605	133242	
A00125:289:HWHYWDSXX:4:2165:31919:24612		1	29065918	NC_007605	153429	
A00155:256:HWMGCDSXX:4:1460:29378:32174		1	30093039	NC_007605	65942	
A00125:289:HWHYWDSXX:4:1248:7618:8641		1	32373819	NC_007605	155695	
A00155:256:HWMGCDSXX:4:2364:25256:4617		1	48666685	NC_007605	96221	
A00125:289:HWHYWDSXX:4:1618:6415:1861		1	48666693	NC_007605	96140	
A00155:256:HWMGCDSXX:4:1460:28890:19085		1	48666790	NC_007605	96270	
A00125:289:HWHYWDSXX:4:2222:22978:35524		1	48666790	NC_007605	96270	
A00155:256:HWMGCDSXX:4:2557:12472:15389		1	56940678	NC_007605	123200	
A00155:256:HWMGCDSXX:4:1139:5439:8124		1	91099986	NC_007605	82787	
A00125:289:HWHYWDSXX:4:2462:10077:14967		1	92431670	NC_007605	135767	
A00125:289:HWHYWDSXX:4:1652:28718:4852		1	157039589	NC_007605	169321	
A00155:256:HWMGCDSXX:4:2413:8106:33599		1	161171475	NC_007605	64946	
A00155:256:HWMGCDSXX:4:2156:26729:13745		1	166262924	NC_007605	162025	
A00125:289:HWHYWDSXX:4:2618:3911:18192		1	180989620	NC_007605	69370	
A00155:256:HWMGCDSXX:4:1136:19407:31000		1	197322930	NC_007605	49443	
A00125:289:HWHYWDSXX:4:1419:3360:24940		1	198446259	NC_007605	127880	
A00155:256:HWMGCDSXX:4:2145:24108:20979		1	203683118	NC_007605	67709	
A00125:289:HWHYWDSXX:4:2610:19099:22733		1	203738901	NC_007605	171747	
A00125:289:HWHYWDSXX:4:2157:9019:15233		1	203890217	NC_007605	113912	
A00155:256:HWMGCDSXX:4:1269:2537:32628		1	206543218	NC_007605	115482	
A00125:289:HWHYWDSXX:4:1269:5909:24972		1	210761150	NC_007605	50888	
A00125:289:HWHYWDSXX:4:2138:27624:9189		1	212375693	NC_007605	156109	
A00155:256:HWMGCDSXX:4:2662:3043:29246		1	214486855	NC_007605	49524	
A00125:289:HWHYWDSXX:4:2416:12689:9909		1	220095514	NC_007605	8699	
A00155:256:HWMGCDSXX:4:1553:7753:28792		1	243641597	NC_007605	153659	
A00155:256:HWMGCDSXX:4:2356:19045:25958		10	5577503	NC_007605	147452	
A00155:256:HWMGCDSXX:4:1563:9842:11960		10	32258979	NC_007605	94112	
A00155:256:HWMGCDSXX:4:2674:27633:14184		10	32258980	NC_007605	168788	
A00125:289:HWHYWDSXX:4:2147:24044:27633		10	75707455	NC_007605	53037	
A00155:256:HWMGCDSXX:4:1249:17788:17801		10	85075177	NC_007605	137076	
A00155:256:HWMGCDSXX:4:2666:1615:15060		10	98357781	NC_007605	71555	
A00155:256:HWMGCDSXX:4:1234:6388:24956		10	112616927	NC_007605	152821	
A00125:289:HWHYWDSXX:4:1665:6912:30592		10	123747311	NC_007605	162954	
A00125:289:HWHYWDSXX:4:2267:15230:5635		10	133277877	NC_007605	95207	
A00125:289:HWHYWDSXX:4:1335:12680:19789		11	35322635	NC_007605	36404	
A00155:256:HWMGCDSXX:4:2445:14931:12540	11_hs1	11	61158723	NC_007605	147310	
A00125:289:HWHYWDSXX:4:2346:2456:15890	11_hs1	11	61158724	NC_007605	49342	
A00155:256:HWMGCDSXX:4:1432:16920:3646	11_hs1	11	61158724	NC_007605	100222	
A00125:289:HWHYWDSXX:4:1505:16378:36338	11_hs1	11	61158726	NC_007605	50084	
A00155:256:HWMGCDSXX:4:1176:26928:2848	11_hs1	11	61158726	NC_007605	63236	
A00155:256:HWMGCDSXX:4:2501:11541:24737	11_hs1	11	61158727	NC_007605	158111	
A00155:256:HWMGCDSXX:4:1246:13819:29496		11	68362656	NC_007605	94291	
A00125:289:HWHYWDSXX:4:1560:17698:3145		11	70505084	NC_007605	138200	
A00155:256:HWMGCDSXX:4:2371:27199:34663		11	71955802	NC_007605	69487	
A00125:289:HWHYWDSXX:4:2304:26793:12258		11	92976632	NC_007605	57461	
A00125:289:HWHYWDSXX:4:1554:6641:10050		11	104762595	NC_007605	125899	
A00155:256:HWMGCDSXX:4:2507:32886:28855		11	114919697	NC_007605	3322	
A00125:289:HWHYWDSXX:4:1565:26666:21089		11	126084386	NC_007605	6712	
A00125:289:HWHYWDSXX:4:2142:21929:1955		11	127231506	NC_007605	159716	
A00125:289:HWHYWDSXX:4:2615:19759:18051		12	8418974	NC_007605	150171	
A00125:289:HWHYWDSXX:4:2459:25265:32252		12	16249339	NC_007605	110602	
A00155:256:HWMGCDSXX:4:1165:10050:24345		12	16763954	NC_007605	97622	
A00125:289:HWHYWDSXX:4:1250:15257:23406		12	42478548	NC_007605	126953	
A00125:289:HWHYWDSXX:4:1511:27633:21167		12	43197960	NC_007605	87453	
A00155:256:HWMGCDSXX:4:2432:15718:2378		12	66451372	NC_007605	96879	
A00125:289:HWHYWDSXX:4:1638:24225:34992		12	66451372	NC_007605	147453	
A00155:256:HWMGCDSXX:4:1535:27787:11318		12	97083490	NC_007605	86597	
A00155:256:HWMGCDSXX:4:1122:26784:31751		12	103855852	NC_007605	120976	
A00125:289:HWHYWDSXX:4:2270:28727:10661		12	112624114	NC_007605	11127	
A00155:256:HWMGCDSXX:4:2464:24695:15515		12	113832127	NC_007605	10214	
A00155:256:HWMGCDSXX:4:2645:2302:30248		12	121790526	NC_007605	36413	
A00125:289:HWHYWDSXX:4:2170:5267:14591		12	126477418	NC_007605	160741	
A00155:256:HWMGCDSXX:4:1549:2971:30436		13	21944328	NC_007605	96734	
A00155:256:HWMGCDSXX:4:1375:23430:9690		13	32719655	NC_007605	114372	
A00155:256:HWMGCDSXX:4:1207:19425:11240		13	33080027	NC_007605	150538	
A00125:289:HWHYWDSXX:4:2508:6370:2472		13	35327817	NC_007605	6395	
A00155:256:HWMGCDSXX:4:1174:18114:20807		13	75317677	NC_007605	163521	
A00155:256:HWMGCDSXX:4:2240:20302:23375		13	76311905	NC_007605	92242	
A00125:289:HWHYWDSXX:4:2519:10511:19038		13	92491800	NC_007605	783	
A00155:256:HWMGCDSXX:4:1655:24758:32753		13	92672465	NC_007605	164713	
A00155:256:HWMGCDSXX:4:1573:31910:35023		13	95706802	NC_007605	144631	
A00125:289:HWHYWDSXX:4:2564:29044:11522		14	20878964	NC_007605	167522	
A00155:256:HWMGCDSXX:4:1438:20066:24972		14	40472355	NC_007605	83448	
A00125:289:HWHYWDSXX:4:1226:10375:8970		14	52803880	NC_007605	153165	
A00155:256:HWMGCDSXX:4:2114:9507:22874		14	55639989	NC_007605	74852	
A00125:289:HWHYWDSXX:4:1140:28031:25927		14	60286129	NC_007605	1586	
A00125:289:HWHYWDSXX:4:1377:29866:32393		14	60286132	NC_007605	49629	
A00125:289:HWHYWDSXX:4:2509:29215:25285		14	85903997	NC_007605	88349	
A00155:256:HWMGCDSXX:4:1103:31322:13369		14	93185522	NC_007605	36404	
A00125:289:HWHYWDSXX:4:2673:32362:34741	14_hs1	14	99887281	NC_007605	57811	
A00125:289:HWHYWDSXX:4:1524:13630:11162	14_hs1	14	99887283	NC_007605	104544	
A00125:289:HWHYWDSXX:4:1475:7545:26177	14_hs1	14	99887284	NC_007605	36631	
A00125:289:HWHYWDSXX:4:1548:20717:35180	14_hs1	14	99887284	NC_007605	36851	
A00125:289:HWHYWDSXX:4:1377:28113:31422	14_hs1	14	99887284	NC_007605	49629	
A00155:256:HWMGCDSXX:4:1577:22535:1877	14_hs1	14	99887284	NC_007605	98391	
A00155:256:HWMGCDSXX:4:2348:22860:5760	14_hs1	14	99887284	NC_007605	118458	
A00125:289:HWHYWDSXX:4:2312:16288:16423	14_hs1	14	99887285	NC_007605	36389	
A00125:289:HWHYWDSXX:4:2138:12997:3897	14_hs1	14	99887285	NC_007605	66104	
A00155:256:HWMGCDSXX:4:2605:3513:18505	14_hs1	14	99887286	NC_007605	56112	
A00155:256:HWMGCDSXX:4:2544:30074:27680	14_hs1	14	99887286	NC_007605	116657	
A00155:256:HWMGCDSXX:4:1349:24677:24815	14_hs1	14	99887286	NC_007605	139482	
A00125:289:HWHYWDSXX:4:1670:27218:14998	14_hs1	14	99887287	NC_007605	91227	
A00155:256:HWMGCDSXX:4:1642:8703:24737	14_hs1	14	99887288	NC_007605	36400	
A00155:256:HWMGCDSXX:4:1218:10203:24142		14	100393329	NC_007605	117694	
A00155:256:HWMGCDSXX:4:1352:22941:20995		15	20304901	NC_007605	77145	
A00125:289:HWHYWDSXX:4:1419:22101:18223		15	28494120	NC_007605	132508	
A00155:256:HWMGCDSXX:4:1608:28926:16892		15	37279611	NC_007605	11427	
A00125:289:HWHYWDSXX:4:2463:8693:23469		15	48119592	NC_007605	68911	
A00155:256:HWMGCDSXX:4:1116:13386:2879		15	55218227	NC_007605	10602	
A00155:256:HWMGCDSXX:4:1104:28655:3302		15	69729812	NC_007605	516	
A00125:289:HWHYWDSXX:4:1513:11080:8531		16	32965722	NC_007605	64431	
A00125:289:HWHYWDSXX:4:2506:31946:31892		16	46389098	NC_007605	44421	
A00125:289:HWHYWDSXX:4:2375:28339:10019		16	46394076	NC_007605	105009	
A00125:289:HWHYWDSXX:4:2442:17734:3364		16	46405100	NC_007605	119762	
A00155:256:HWMGCDSXX:4:1308:27724:36605		16	46423548	NC_007605	105009	
A00125:289:HWHYWDSXX:4:2521:29152:5478		16	46513638	NC_007605	135217	
A00125:289:HWHYWDSXX:4:2133:27715:11318		16	50476757	NC_007605	9700	
A00125:289:HWHYWDSXX:4:2471:17535:13448		16	56979761	NC_007605	171789	
A00125:289:HWHYWDSXX:4:1403:15845:5259		16	64928896	NC_007605	92192	
A00155:256:HWMGCDSXX:4:2547:9028:29027		16	68193307	NC_007605	111711	
A00155:256:HWMGCDSXX:4:2247:11614:2691		16	72594638	NC_007605	11817	
A00125:289:HWHYWDSXX:4:1622:12283:11428		16	81119767	NC_007605	109682	
A00155:256:HWMGCDSXX:4:1620:5177:23046		16	83635687	NC_007605	9391	
A00125:289:HWHYWDSXX:4:1156:24334:34460		17	9165851	NC_007605	78612	
A00155:256:HWMGCDSXX:4:1458:32841:7513		17	16965600	NC_007605	3570	
A00125:289:HWHYWDSXX:4:2601:1886:8234		17	21850718	NC_007605	97624	
A00125:289:HWHYWDSXX:4:2440:4173:17675		17	40022102	NC_007605	45347	
A00155:256:HWMGCDSXX:4:1406:5195:7513		17	51444117	NC_007605	128938	
A00125:289:HWHYWDSXX:4:2467:25048:34663		17	63737079	NC_007605	155045	
A00125:289:HWHYWDSXX:4:2536:20952:2080		17	65321019	NC_007605	134126	
A00155:256:HWMGCDSXX:4:1406:27670:35227		17	76102950	NC_007605	146998	
A00125:289:HWHYWDSXX:4:1218:23900:10974		18	734341	NC_007605	108796	
A00125:289:HWHYWDSXX:4:2572:10836:22388		18	26049052	NC_007605	101747	
A00125:289:HWHYWDSXX:4:2548:11252:3317		18	35524873	NC_007605	134216	
A00125:289:HWHYWDSXX:4:2548:11252:3317		18	35524874	NC_007605	134646	
A00155:256:HWMGCDSXX:4:1428:13304:1517		18	60548220	NC_007605	42101	
A00125:289:HWHYWDSXX:4:2542:15655:25817		18	75669254	NC_007605	36401	
A00125:289:HWHYWDSXX:4:1153:25509:28729		19	535139	NC_007605	154886	
A00125:289:HWHYWDSXX:4:2320:7374:32706		19	33402123	NC_007605	93787	
A00155:256:HWMGCDSXX:4:2216:8838:9220		19	37235652	NC_007605	36405	
A00155:256:HWMGCDSXX:4:2349:10330:31062		19	46005569	NC_007605	131809	
A00155:256:HWMGCDSXX:4:2137:7337:5149		19	55920813	NC_007605	36518	
A00125:289:HWHYWDSXX:4:1124:32570:1219		19	57841670	NC_007605	110604	
A00155:256:HWMGCDSXX:4:2620:11478:21120		2	33091901	NC_007605	137543	
A00125:289:HWHYWDSXX:4:2576:26992:32737	2_hs1	2	33141295	NC_007605	139428	2_hs1_ebv_cluster15
A00155:256:HWMGCDSXX:4:1368:23439:32252	2_hs1	2	33141296	NC_007605	36000	2_hs1_ebv_cluster1
A00155:256:HWMGCDSXX:4:1376:20998:28432	2_hs1	2	33141296	NC_007605	36019	2_hs1_ebv_cluster1
A00125:289:HWHYWDSXX:4:2640:30707:21919	2_hs1	2	33141296	NC_007605	69001	2_hs1_ebv_cluster6
A00155:256:HWMGCDSXX:4:1530:30870:11866	2_hs1	2	33141296	NC_007605	77168	
A00125:289:HWHYWDSXX:4:1562:16215:26318	2_hs1	2	33141296	NC_007605	108211	2_hs1_ebv_cluster11
A00125:289:HWHYWDSXX:4:2658:27968:22842	2_hs1	2	33141296	NC_007605	123843	2_hs1_ebv_cluster13
A00155:256:HWMGCDSXX:4:1346:30201:14904	2_hs1	2	33141296	NC_007605	132662	2_hs1_ebv_cluster14
A00155:256:HWMGCDSXX:4:2556:15185:5838	2_hs1	2	33141296	NC_007605	158436	2_hs1_ebv_cluster16
A00125:289:HWHYWDSXX:4:1602:2148:10003	2_hs1	2	33141296	NC_007605	169105	2_hs1_ebv_cluster18
A00155:256:HWMGCDSXX:4:2321:21377:6731	2_hs1	2	33141296	NC_007605	169311	2_hs1_ebv_cluster18
A00125:289:HWHYWDSXX:4:1576:10330:6230	2_hs1	2	33141297	NC_007605	36343	2_hs1_ebv_cluster1
A00125:289:HWHYWDSXX:4:1102:20907:24267	2_hs1	2	33141297	NC_007605	124140	2_hs1_ebv_cluster13
A00155:256:HWMGCDSXX:4:2169:14181:35102	2_hs1	2	33141298	NC_007605	36172	2_hs1_ebv_cluster1
A00125:289:HWHYWDSXX:4:1121:9796:29042	2_hs1	2	33141298	NC_007605	121982	
A00155:256:HWMGCDSXX:4:1156:16947:3818	2_hs1	2	33141299	NC_007605	98322	2_hs1_ebv_cluster9
A00155:256:HWMGCDSXX:4:2416:5394:29152	2_hs1	2	33141299	NC_007605	139215	2_hs1_ebv_cluster15
A00125:289:HWHYWDSXX:4:2422:7536:22279	2_hs1	2	33141300	NC_007605	62078	
A00155:256:HWMGCDSXX:4:1352:14009:19022	2_hs1	2	33141301	NC_007605	0	
A00125:289:HWHYWDSXX:4:2372:30228:33520	2_hs1	2	33141301	NC_007605	36544	2_hs1_ebv_cluster1
A00125:289:HWHYWDSXX:4:1174:24126:15123	2_hs1	2	33141301	NC_007605	95809	2_hs1_ebv_cluster8
A00125:289:HWHYWDSXX:4:2551:12608:11678	2_hs1	2	33141302	NC_007605	35972	2_hs1_ebv_cluster1
A00125:289:HWHYWDSXX:4:2372:30228:33520	2_hs1	2	33141302	NC_007605	36338	2_hs1_ebv_cluster1
A00155:256:HWMGCDSXX:4:2502:13711:5321	2_hs1	2	33141302	NC_007605	132296	2_hs1_ebv_cluster14
A00125:289:HWHYWDSXX:4:2530:9869:4304	2_hs1	2	33141302	NC_007605	136838	2_hs1_ebv_cluster15
A00155:256:HWMGCDSXX:4:1635:4399:26897	2_hs1	2	33141303	NC_007605	36607	2_hs1_ebv_cluster1
A00155:256:HWMGCDSXX:4:1245:10221:4413	2_hs1	2	33141303	NC_007605	139215	2_hs1_ebv_cluster15
A00125:289:HWHYWDSXX:4:2572:11017:35822	2_hs1	2	33141304	NC_007605	36324	2_hs1_ebv_cluster1
A00125:289:HWHYWDSXX:4:1153:5484:29403	2_hs1	2	33141305	NC_007605	44439	2_hs1_ebv_cluster2
A00155:256:HWMGCDSXX:4:1336:21142:31845	2_hs1	2	33141306	NC_007605	93390	2_hs1_ebv_cluster8
A00155:256:HWMGCDSXX:4:2131:19126:18771	2_hs1	2	33141308	NC_007605	35254	2_hs1_ebv_cluster1
A00125:289:HWHYWDSXX:4:1143:4824:1329	2_hs1	2	33141308	NC_007605	36580	2_hs1_ebv_cluster1
A00125:289:HWHYWDSXX:4:2476:15483:11365	2_hs1	2	33141308	NC_007605	136097	2_hs1_ebv_cluster15
A00125:289:HWHYWDSXX:4:2621:11026:33959	2_hs1	2	33141308	NC_007605	139135	2_hs1_ebv_cluster15
A00125:289:HWHYWDSXX:4:1166:28149:33395	2_hs1	2	33141309	NC_007605	37038	2_hs1_ebv_cluster1
A00155:256:HWMGCDSXX:4:1233:17607:29575	2_hs1	2	33141310	NC_007605	36300	2_hs1_ebv_cluster1
A00155:256:HWMGCDSXX:4:1244:20157:22060	2_hs1	2	33141310	NC_007605	52470	
A00155:256:HWMGCDSXX:4:2254:2094:19617	2_hs1	2	33141311	NC_007605	4048	
A00125:289:HWHYWDSXX:4:2209:4444:26788	2_hs1	2	33141311	NC_007605	36648	2_hs1_ebv_cluster1
A00155:256:HWMGCDSXX:4:1234:25238:16203	2_hs1	2	33141311	NC_007605	36942	2_hs1_ebv_cluster1
A00155:256:HWMGCDSXX:4:1625:3676:31187	2_hs1	2	33141311	NC_007605	48183	2_hs1_ebv_cluster3
A00125:289:HWHYWDSXX:4:2631:10077:11334	2_hs1	2	33141311	NC_007605	119870	2_hs1_ebv_cluster12
A00125:289:HWHYWDSXX:4:2559:14931:2394	2_hs1	2	33141312	NC_007605	125965	2_hs1_ebv_cluster13
A00155:256:HWMGCDSXX:4:1455:30897:3991	2_hs1	2	33141312	NC_007605	139276	2_hs1_ebv_cluster15
A00155:256:HWMGCDSXX:4:2649:16288:23907	2_hs1	2	33141313	NC_007605	59522	2_hs1_ebv_cluster5
A00125:289:HWHYWDSXX:4:2340:15112:6997	2_hs1	2	33141313	NC_007605	95215	2_hs1_ebv_cluster8
A00125:289:HWHYWDSXX:4:1147:22191:34319	2_hs1	2	33141315	NC_007605	6391	
A00155:256:HWMGCDSXX:4:2336:20437:28682	2_hs1	2	33141315	NC_007605	36314	2_hs1_ebv_cluster1
A00155:256:HWMGCDSXX:4:2650:5972:26459	2_hs1	2	33141315	NC_007605	139053	2_hs1_ebv_cluster15
A00155:256:HWMGCDSXX:4:1157:10086:25629	2_hs1	2	33141316	NC_007605	36654	2_hs1_ebv_cluster1
A00125:289:HWHYWDSXX:4:2342:11767:6089	2_hs1	2	33141316	NC_007605	36846	2_hs1_ebv_cluster1
A00155:256:HWMGCDSXX:4:1625:3794:31861	2_hs1	2	33141316	NC_007605	48183	2_hs1_ebv_cluster3
A00125:289:HWHYWDSXX:4:2150:9055:3302	2_hs1	2	33141316	NC_007605	166200	2_hs1_ebv_cluster17
A00125:289:HWHYWDSXX:4:2111:4453:9455	2_hs1	2	33141317	NC_007605	36743	2_hs1_ebv_cluster1
A00125:289:HWHYWDSXX:4:1430:25581:21245	2_hs1	2	33141317	NC_007605	36765	2_hs1_ebv_cluster1
A00125:289:HWHYWDSXX:4:1262:20464:19805	2_hs1	2	33141317	NC_007605	36910	2_hs1_ebv_cluster1
A00155:256:HWMGCDSXX:4:1515:23701:14481	2_hs1	2	33141317	NC_007605	61453	
A00155:256:HWMGCDSXX:4:1434:8585:6903	2_hs1	2	33141317	NC_007605	63623	
A00155:256:HWMGCDSXX:4:1455:9182:22373	2_hs1	2	33141317	NC_007605	106417	2_hs1_ebv_cluster11
A00125:289:HWHYWDSXX:4:1563:32009:17284	2_hs1	2	33141317	NC_007605	133614	2_hs1_ebv_cluster14
A00125:289:HWHYWDSXX:4:2425:20898:18740	2_hs1	2	33141317	NC_007605	138693	2_hs1_ebv_cluster15
A00125:289:HWHYWDSXX:4:2223:27579:14027	2_hs1	2	33141317	NC_007605	138696	2_hs1_ebv_cluster15
A00125:289:HWHYWDSXX:4:1545:29441:27931	2_hs1	2	33141317	NC_007605	138733	2_hs1_ebv_cluster15
A00155:256:HWMGCDSXX:4:1417:2211:36667	2_hs1	2	33141318	NC_007605	36323	2_hs1_ebv_cluster1
A00125:289:HWHYWDSXX:4:1413:7030:23249	2_hs1	2	33141318	NC_007605	36402	2_hs1_ebv_cluster1
A00155:256:HWMGCDSXX:4:1202:18105:5885	2_hs1	2	33141318	NC_007605	36407	2_hs1_ebv_cluster1
A00155:256:HWMGCDSXX:4:1501:27914:28479	2_hs1	2	33141318	NC_007605	36822	2_hs1_ebv_cluster1
A00155:256:HWMGCDSXX:4:2402:32741:32330	2_hs1	2	33141318	NC_007605	53705	2_hs1_ebv_cluster4
A00155:256:HWMGCDSXX:4:1605:21612:30530	2_hs1	2	33141318	NC_007605	138758	2_hs1_ebv_cluster15
A00155:256:HWMGCDSXX:4:1239:31376:17159	2_hs1	2	33141318	NC_007605	138870	2_hs1_ebv_cluster15
A00125:289:HWHYWDSXX:4:2645:13485:16454	2_hs1	2	33141318	NC_007605	139213	2_hs1_ebv_cluster15
A00125:289:HWHYWDSXX:4:2669:16938:33646	2_hs1	2	33141318	NC_007605	169489	2_hs1_ebv_cluster18
A00155:256:HWMGCDSXX:4:1623:11433:34100	2_hs1	2	33141318	NC_007605	169555	2_hs1_ebv_cluster18
A00125:289:HWHYWDSXX:4:1150:15908:29324	2_hs1	2	33141319	NC_007605	2334	
A00125:289:HWHYWDSXX:4:2422:7518:5274	2_hs1	2	33141319	NC_007605	41422	
A00125:289:HWHYWDSXX:4:1509:10520:35775	2_hs1	2	33141319	NC_007605	82193	
A00125:289:HWHYWDSXX:4:2536:18728:34835	2_hs1	2	33141319	NC_007605	85027	2_hs1_ebv_cluster7
A00155:256:HWMGCDSXX:4:2133:5502:29966	2_hs1	2	33141319	NC_007605	87877	
A00125:289:HWHYWDSXX:4:1612:19081:28588	2_hs1	2	33141319	NC_007605	95385	2_hs1_ebv_cluster8
A00125:289:HWHYWDSXX:4:1353:6045:29716	2_hs1	2	33141319	NC_007605	101118	
A00125:289:HWHYWDSXX:4:1321:10456:11490	2_hs1	2	33141319	NC_007605	106371	2_hs1_ebv_cluster11
A00125:289:HWHYWDSXX:4:2461:15338:24831	2_hs1	2	33141319	NC_007605	133433	2_hs1_ebv_cluster14
A00155:256:HWMGCDSXX:4:1661:13349:9580	2_hs1	2	33141319	NC_007605	138810	2_hs1_ebv_cluster15
A00155:256:HWMGCDSXX:4:1217:21323:6324	2_hs1	2	33141319	NC_007605	139215	2_hs1_ebv_cluster15
A00125:289:HWHYWDSXX:4:1621:17788:31861	2_hs1	2	33141320	NC_007605	36279	2_hs1_ebv_cluster1
A00155:256:HWMGCDSXX:4:1208:3206:29465	2_hs1	2	33141320	NC_007605	36291	2_hs1_ebv_cluster1
A00155:256:HWMGCDSXX:4:2122:8043:20087	2_hs1	2	33141320	NC_007605	134100	2_hs1_ebv_cluster14
A00155:256:HWMGCDSXX:4:2177:15148:23062	2_hs1	2	33141320	NC_007605	134244	2_hs1_ebv_cluster14
A00155:256:HWMGCDSXX:4:1641:24035:36855	2_hs1	2	33141323	NC_007605	100059	2_hs1_ebv_cluster9
A00125:289:HWHYWDSXX:4:2630:20066:8500	2_hs1	2	33141324	NC_007605	64031	
A00125:289:HWHYWDSXX:4:1143:31015:9549	2_hs1	2	33141324	NC_007605	147711	
A00155:256:HWMGCDSXX:4:1431:7835:33818	2_hs1	2	33141325	NC_007605	163169	
A00125:289:HWHYWDSXX:4:1436:6542:5901	2_hs1	2	33141325	NC_007605	169441	2_hs1_ebv_cluster18
A00155:256:HWMGCDSXX:4:1226:14091:18255	2_hs1	2	33141326	NC_007605	43115	
A00125:289:HWHYWDSXX:4:2630:19967:8453	2_hs1	2	33141326	NC_007605	64031	
A00125:289:HWHYWDSXX:4:1629:9525:21559	2_hs1	2	33141326	NC_007605	147575	
A00125:289:HWHYWDSXX:4:1545:32570:30561	2_hs1	2	33141326	NC_007605	166200	2_hs1_ebv_cluster17
A00155:256:HWMGCDSXX:4:2643:9652:6872	2_hs1	2	33141327	NC_007605	53523	2_hs1_ebv_cluster4
A00125:289:HWHYWDSXX:4:1451:1136:34491	2_hs1	2	33141327	NC_007605	139970	2_hs1_ebv_cluster15
A00125:289:HWHYWDSXX:4:2109:32859:1908	2_hs1	2	33141329	NC_007605	135654	2_hs1_ebv_cluster15
A00125:289:HWHYWDSXX:4:2559:30219:9298	2_hs1	2	33141329	NC_007605	138590	2_hs1_ebv_cluster15
A00155:256:HWMGCDSXX:4:1232:26051:31046	2_hs1	2	33141330	NC_007605	93584	2_hs1_ebv_cluster8
A00155:256:HWMGCDSXX:4:1219:28103:28776	2_hs1	2	33141331	NC_007605	95587	2_hs1_ebv_cluster8
A00155:256:HWMGCDSXX:4:1126:3757:33301	2_hs1	2	33141332	NC_007605	1322	
A00125:289:HWHYWDSXX:4:1207:9191:9956	2_hs1	2	33141332	NC_007605	138098	2_hs1_ebv_cluster15
A00125:289:HWHYWDSXX:4:1118:5484:7106	2_hs1	2	33141333	NC_007605	94930	2_hs1_ebv_cluster8
A00125:289:HWHYWDSXX:4:2402:30779:34256	2_hs1	2	33141336	NC_007605	123640	2_hs1_ebv_cluster13
A00125:289:HWHYWDSXX:4:2468:21938:5478	2_hs1	2	33141337	NC_007605	93575	2_hs1_ebv_cluster8
A00125:289:HWHYWDSXX:4:2523:26847:33270	2_hs1	2	33141338	NC_007605	120545	2_hs1_ebv_cluster12
A00125:289:HWHYWDSXX:4:1660:29749:23359	2_hs1	2	33141338	NC_007605	169467	2_hs1_ebv_cluster18
A00155:256:HWMGCDSXX:4:1368:28863:27524	2_hs1	2	33141343	NC_007605	67472	
A00155:256:HWMGCDSXX:4:1305:3595:29387	2_hs1	2	33141345	NC_007605	124329	2_hs1_ebv_cluster13
A00125:289:HWHYWDSXX:4:2138:5999:20744	2_hs1	2	33141346	NC_007605	165300	2_hs1_ebv_cluster17
A00155:256:HWMGCDSXX:4:1235:14624:13385	2_hs1	2	33141347	NC_007605	74515	
A00155:256:HWMGCDSXX:4:2375:26756:29042	2_hs1	2	33141348	NC_007605	99106	2_hs1_ebv_cluster9
A00125:289:HWHYWDSXX:4:2409:8820:20212	2_hs1	2	33141350	NC_007605	156051	2_hs1_ebv_cluster16
A00125:289:HWHYWDSXX:4:2442:16477:16501	2_hs1	2	33141357	NC_007605	46152	2_hs1_ebv_cluster2
A00125:289:HWHYWDSXX:4:2646:22372:35289	2_hs1	2	33141359	NC_007605	107034	2_hs1_ebv_cluster11
A00155:256:HWMGCDSXX:4:2407:18801:19179	2_hs1	2	33141360	NC_007605	124592	2_hs1_ebv_cluster13
A00155:256:HWMGCDSXX:4:2656:21992:31281	2_hs1	2	33141361	NC_007605	147196	
A00125:289:HWHYWDSXX:4:1326:14000:8140	2_hs1	2	33141364	NC_007605	3336	
A00155:256:HWMGCDSXX:4:1307:17589:28980	2_hs1	2	33141367	NC_007605	136940	2_hs1_ebv_cluster15
A00155:256:HWMGCDSXX:4:1617:14805:28166	2_hs1	2	33141415	NC_007605	139219	2_hs1_ebv_cluster15
A00155:256:HWMGCDSXX:4:1556:7256:18630	2_hs1	2	33141418	NC_007605	107461	2_hs1_ebv_cluster11
A00125:289:HWHYWDSXX:4:2344:6325:17613	2_hs1	2	33141418	NC_007605	161371	2_hs1_ebv_cluster16
A00155:256:HWMGCDSXX:4:1521:2718:19977	2_hs1	2	33141419	NC_007605	36679	2_hs1_ebv_cluster1
A00125:289:HWHYWDSXX:4:2105:27597:30874	2_hs1	2	33141419	NC_007605	36868	2_hs1_ebv_cluster1
A00125:289:HWHYWDSXX:4:2638:13883:4022	2_hs1	2	33141421	NC_007605	36765	2_hs1_ebv_cluster1
A00125:289:HWHYWDSXX:4:2318:13376:26443	2_hs1	2	33141421	NC_007605	169512	2_hs1_ebv_cluster18
A00125:289:HWHYWDSXX:4:1642:7509:9518	2_hs1	2	33141423	NC_007605	52239	
A00155:256:HWMGCDSXX:4:2421:25934:7357	2_hs1	2	33141423	NC_007605	98357	2_hs1_ebv_cluster9
A00155:256:HWMGCDSXX:4:1645:10791:12477	2_hs1	2	33141425	NC_007605	159738	2_hs1_ebv_cluster16
A00155:256:HWMGCDSXX:4:1272:8504:34976	2_hs1	2	33141426	NC_007605	139456	2_hs1_ebv_cluster15
A00155:256:HWMGCDSXX:4:1650:9290:32362	2_hs1	2	33141427	NC_007605	126662	2_hs1_ebv_cluster13
A00155:256:HWMGCDSXX:4:1523:2257:22153	2_hs1	2	33141429	NC_007605	84406	2_hs1_ebv_cluster7
A00155:256:HWMGCDSXX:4:2442:32949:8484	2_hs1	2	33141430	NC_007605	124631	2_hs1_ebv_cluster13
A00125:289:HWHYWDSXX:4:2419:22354:22576	2_hs1	2	33141434	NC_007605	133315	2_hs1_ebv_cluster14
A00125:289:HWHYWDSXX:4:2528:19009:8265	2_hs1	2	33141434	NC_007605	164992	2_hs1_ebv_cluster17
A00125:289:HWHYWDSXX:4:2205:19434:20243	2_hs1	2	33141435	NC_007605	36308	2_hs1_ebv_cluster1
A00125:289:HWHYWDSXX:4:1372:8495:15295	2_hs1	2	33141435	NC_007605	96732	2_hs1_ebv_cluster8
A00155:256:HWMGCDSXX:4:1354:10682:14857	2_hs1	2	33141436	NC_007605	59153	2_hs1_ebv_cluster5
A00125:289:HWHYWDSXX:4:1240:30770:29700	2_hs1	2	33141437	NC_007605	95373	2_hs1_ebv_cluster8
A00155:256:HWMGCDSXX:4:2539:20690:3787	2_hs1	2	33141441	NC_007605	103851	2_hs1_ebv_cluster10
A00155:256:HWMGCDSXX:4:2664:1289:29183	2_hs1	2	33141442	NC_007605	77655	
A00155:256:HWMGCDSXX:4:2564:1217:20134	2_hs1	2	33141442	NC_007605	123854	2_hs1_ebv_cluster13
A00155:256:HWMGCDSXX:4:2169:7148:28526	2_hs1	2	33141464	NC_007605	72488	
A00155:256:HWMGCDSXX:4:1640:27290:8860	2_hs1	2	33141468	NC_007605	124339	2_hs1_ebv_cluster13
A00155:256:HWMGCDSXX:4:2663:6162:5181	2_hs1	2	33141469	NC_007605	36272	2_hs1_ebv_cluster1
A00155:256:HWMGCDSXX:4:1315:14751:25974	2_hs1	2	33141469	NC_007605	36273	2_hs1_ebv_cluster1
A00125:289:HWHYWDSXX:4:1650:31222:1611	2_hs1	2	33141469	NC_007605	139426	2_hs1_ebv_cluster15
A00125:289:HWHYWDSXX:4:2507:32199:7310	2_hs1	2	33141469	NC_007605	146958	
A00125:289:HWHYWDSXX:4:2425:28592:29528	2_hs1	2	33141470	NC_007605	69655	2_hs1_ebv_cluster6
A00155:256:HWMGCDSXX:4:1238:3486:3834	2_hs1	2	33141470	NC_007605	99905	2_hs1_ebv_cluster9
A00125:289:HWHYWDSXX:4:1337:12500:32283	2_hs1	2	33141471	NC_007605	60114	2_hs1_ebv_cluster5
A00125:289:HWHYWDSXX:4:1209:11487:20917	2_hs1	2	33141472	NC_007605	96831	2_hs1_ebv_cluster8
A00155:256:HWMGCDSXX:4:2448:32470:8531	2_hs1	2	33141472	NC_007605	125410	2_hs1_ebv_cluster13
A00155:256:HWMGCDSXX:4:2246:20076:10958	2_hs1	2	33141472	NC_007605	139222	2_hs1_ebv_cluster15
A00125:289:HWHYWDSXX:4:2632:25319:1689	2_hs1	2	33141474	NC_007605	90117	
A00125:289:HWHYWDSXX:4:1644:12418:6277	2_hs1	2	33141474	NC_007605	155423	2_hs1_ebv_cluster16
A00155:256:HWMGCDSXX:4:2211:1271:24486	2_hs1	2	33141476	NC_007605	126662	2_hs1_ebv_cluster13
A00125:289:HWHYWDSXX:4:1672:4435:4820	2_hs1	2	33141477	NC_007605	71758	
A00155:256:HWMGCDSXX:4:1371:20238:24893	2_hs1	2	33141478	NC_007605	36175	2_hs1_ebv_cluster1
A00125:289:HWHYWDSXX:4:1569:6171:16470	2_hs1	2	33141478	NC_007605	67863	
A00155:256:HWMGCDSXX:4:2416:5095:33927	2_hs1	2	33141480	NC_007605	96989	2_hs1_ebv_cluster8
A00155:256:HWMGCDSXX:4:2562:28094:20087	2_hs1	2	33141482	NC_007605	9126	
A00125:289:HWHYWDSXX:4:1215:14389:30765	2_hs1	2	33141482	NC_007605	69391	2_hs1_ebv_cluster6
A00155:256:HWMGCDSXX:4:2373:20410:26944	2_hs1	2	33141483	NC_007605	169495	2_hs1_ebv_cluster18
A00125:289:HWHYWDSXX:4:1166:11858:35086	2_hs1	2	33141486	NC_007605	36747	2_hs1_ebv_cluster1
A00125:289:HWHYWDSXX:4:2647:23827:14262	2_hs1	2	33141487	NC_007605	157866	2_hs1_ebv_cluster16
A00125:289:HWHYWDSXX:4:1446:22426:27461	2_hs1	2	33141488	NC_007605	345	
A00155:256:HWMGCDSXX:4:2134:17155:3176	2_hs1	2	33141488	NC_007605	4555	
A00155:256:HWMGCDSXX:4:1636:11568:11193	2_hs1	2	33141488	NC_007605	4906	
A00125:289:HWHYWDSXX:4:1517:16586:12179	2_hs1	2	33141488	NC_007605	8310	
A00125:289:HWHYWDSXX:4:1426:20130:12743	2_hs1	2	33141488	NC_007605	9149	
A00155:256:HWMGCDSXX:4:2456:16306:29731	2_hs1	2	33141488	NC_007605	11936	
A00125:289:HWHYWDSXX:4:1359:24189:27038	2_hs1	2	33141488	NC_007605	35982	2_hs1_ebv_cluster1
A00155:256:HWMGCDSXX:4:2651:23999:17253	2_hs1	2	33141488	NC_007605	36090	2_hs1_ebv_cluster1
A00125:289:HWHYWDSXX:4:2353:2718:2096	2_hs1	2	33141488	NC_007605	37874	2_hs1_ebv_cluster1
A00155:256:HWMGCDSXX:4:1407:12915:8202	2_hs1	2	33141488	NC_007605	44390	2_hs1_ebv_cluster2
A00155:256:HWMGCDSXX:4:2569:32796:31015	2_hs1	2	33141488	NC_007605	45047	2_hs1_ebv_cluster2
A00125:289:HWHYWDSXX:4:1468:3830:10191	2_hs1	2	33141488	NC_007605	48450	2_hs1_ebv_cluster3
A00125:289:HWHYWDSXX:4:1408:27724:22639	2_hs1	2	33141488	NC_007605	48459	2_hs1_ebv_cluster3
A00155:256:HWMGCDSXX:4:2527:9335:24674	2_hs1	2	33141488	NC_007605	48547	2_hs1_ebv_cluster3
A00125:289:HWHYWDSXX:4:1632:31937:28902	2_hs1	2	33141488	NC_007605	57869	2_hs1_ebv_cluster5
A00155:256:HWMGCDSXX:4:1101:25418:19116	2_hs1	2	33141488	NC_007605	62580	
A00155:256:HWMGCDSXX:4:1503:17011:35524	2_hs1	2	33141488	NC_007605	64424	
A00125:289:HWHYWDSXX:4:1125:19153:6574	2_hs1	2	33141488	NC_007605	69776	2_hs1_ebv_cluster6
A00125:289:HWHYWDSXX:4:2124:20030:25723	2_hs1	2	33141488	NC_007605	69829	2_hs1_ebv_cluster6
A00125:289:HWHYWDSXX:4:1205:31593:35540	2_hs1	2	33141488	NC_007605	70928	
A00155:256:HWMGCDSXX:4:2358:5159:19664	2_hs1	2	33141488	NC_007605	77526	
A00155:256:HWMGCDSXX:4:1332:8549:4867	2_hs1	2	33141488	NC_007605	81463	
A00155:256:HWMGCDSXX:4:2102:2700:9831	2_hs1	2	33141488	NC_007605	83775	2_hs1_ebv_cluster7
A00155:256:HWMGCDSXX:4:1555:7120:15608	2_hs1	2	33141488	NC_007605	87735	
A00155:256:HWMGCDSXX:4:2157:24053:3505	2_hs1	2	33141488	NC_007605	88479	
A00125:289:HWHYWDSXX:4:2607:13024:24173	2_hs1	2	33141488	NC_007605	89978	
A00125:289:HWHYWDSXX:4:2423:28962:22968	2_hs1	2	33141488	NC_007605	92541	2_hs1_ebv_cluster8
A00125:289:HWHYWDSXX:4:1651:3070:21183	2_hs1	2	33141488	NC_007605	96687	2_hs1_ebv_cluster8
A00125:289:HWHYWDSXX:4:2123:15103:9956	2_hs1	2	33141488	NC_007605	102242	2_hs1_ebv_cluster10
A00155:256:HWMGCDSXX:4:2570:16884:30765	2_hs1	2	33141488	NC_007605	102282	2_hs1_ebv_cluster10
A00155:256:HWMGCDSXX:4:2141:25491:23437	2_hs1	2	33141488	NC_007605	103126	2_hs1_ebv_cluster10
A00155:256:HWMGCDSXX:4:2132:3938:10285	2_hs1	2	33141488	NC_007605	108612	2_hs1_ebv_cluster11
A00125:289:HWHYWDSXX:4:2345:2356:4758	2_hs1	2	33141488	NC_007605	111732	
A00155:256:HWMGCDSXX:4:1151:31476:12508	2_hs1	2	33141488	NC_007605	119138	2_hs1_ebv_cluster12
A00155:256:HWMGCDSXX:4:2165:21314:22247	2_hs1	2	33141488	NC_007605	119702	2_hs1_ebv_cluster12
A00155:256:HWMGCDSXX:4:2638:16875:25050	2_hs1	2	33141488	NC_007605	120096	2_hs1_ebv_cluster12
A00155:256:HWMGCDSXX:4:2309:15835:21183	2_hs1	2	33141488	NC_007605	120738	2_hs1_ebv_cluster12
A00125:289:HWHYWDSXX:4:2575:24397:30843	2_hs1	2	33141488	NC_007605	125786	2_hs1_ebv_cluster13
A00125:289:HWHYWDSXX:4:1505:6225:5196	2_hs1	2	33141488	NC_007605	136578	2_hs1_ebv_cluster15
A00155:256:HWMGCDSXX:4:1125:13684:32205	2_hs1	2	33141488	NC_007605	137687	2_hs1_ebv_cluster15
A00125:289:HWHYWDSXX:4:1347:17644:27352	2_hs1	2	33141488	NC_007605	139277	2_hs1_ebv_cluster15
A00125:289:HWHYWDSXX:4:1463:11171:32174	2_hs1	2	33141488	NC_007605	139308	2_hs1_ebv_cluster15
A00155:256:HWMGCDSXX:4:1560:22824:21355	2_hs1	2	33141488	NC_007605	139317	2_hs1_ebv_cluster15
A00155:256:HWMGCDSXX:4:1268:30544:6637	2_hs1	2	33141488	NC_007605	139321	2_hs1_ebv_cluster15
A00155:256:HWMGCDSXX:4:1462:8910:23062	2_hs1	2	33141488	NC_007605	139423	2_hs1_ebv_cluster15
A00125:289:HWHYWDSXX:4:1541:23348:11209	2_hs1	2	33141488	NC_007605	139524	2_hs1_ebv_cluster15
A00125:289:HWHYWDSXX:4:2672:23674:15468	2_hs1	2	33141488	NC_007605	139562	2_hs1_ebv_cluster15
A00155:256:HWMGCDSXX:4:1376:28447:6637	2_hs1	2	33141488	NC_007605	139573	2_hs1_ebv_cluster15
A00125:289:HWHYWDSXX:4:1675:32759:36996	2_hs1	2	33141488	NC_007605	139636	2_hs1_ebv_cluster15
A00155:256:HWMGCDSXX:4:2427:23393:9940	2_hs1	2	33141488	NC_007605	139652	2_hs1_ebv_cluster15
A00125:289:HWHYWDSXX:4:2252:8458:3333	2_hs1	2	33141488	NC_007605	139682	2_hs1_ebv_cluster15
A00155:256:HWMGCDSXX:4:2161:8540:8015	2_hs1	2	33141488	NC_007605	139803	2_hs1_ebv_cluster15
A00155:256:HWMGCDSXX:4:2204:14597:2096	2_hs1	2	33141488	NC_007605	148229	
A00125:289:HWHYWDSXX:4:1575:15935:29215	2_hs1	2	33141488	NC_007605	150120	
A00125:289:HWHYWDSXX:4:1323:9968:3380	2_hs1	2	33141488	NC_007605	151995	
A00125:289:HWHYWDSXX:4:1555:29722:8907	2_hs1	2	33141488	NC_007605	153344	
A00155:256:HWMGCDSXX:4:1562:19741:31485	2_hs1	2	33141488	NC_007605	156877	2_hs1_ebv_cluster16
A00125:289:HWHYWDSXX:4:2536:15591:24205	2_hs1	2	33141488	NC_007605	157896	2_hs1_ebv_cluster16
A00155:256:HWMGCDSXX:4:2369:17436:19820	2_hs1	2	33141488	NC_007605	158355	2_hs1_ebv_cluster16
A00155:256:HWMGCDSXX:4:1559:21314:13855	2_hs1	2	33141488	NC_007605	159041	2_hs1_ebv_cluster16
A00125:289:HWHYWDSXX:4:2143:5855:4961	2_hs1	2	33141490	NC_007605	7077	
A00155:256:HWMGCDSXX:4:1603:16685:30514	2_hs1	2	33141490	NC_007605	70990	
A00155:256:HWMGCDSXX:4:1239:7048:12101	2_hs1	2	33141491	NC_007605	11162	
A00155:256:HWMGCDSXX:4:1170:9896:24267	2_hs1	2	33141499	NC_007605	36797	2_hs1_ebv_cluster1
A00155:256:HWMGCDSXX:4:2429:9616:26475	2_hs1	2	33141501	NC_007605	69813	2_hs1_ebv_cluster6
A00155:256:HWMGCDSXX:4:2603:12509:18803	2_hs1	2	33141501	NC_007605	83532	2_hs1_ebv_cluster7
A00155:256:HWMGCDSXX:4:1108:13494:29152	2_hs1	2	33141502	NC_007605	226	
A00155:256:HWMGCDSXX:4:2419:1678:16830	2_hs1	2	33141502	NC_007605	6550	
A00155:256:HWMGCDSXX:4:2430:30219:27085	2_hs1	2	33141504	NC_007605	110806	
A00155:256:HWMGCDSXX:4:1258:22390:28275	2_hs1	2	33141505	NC_007605	55372	2_hs1_ebv_cluster4
A00155:256:HWMGCDSXX:4:1520:28185:36432	2_hs1	2	33141506	NC_007605	36635	2_hs1_ebv_cluster1
A00125:289:HWHYWDSXX:4:1439:20329:22044	2_hs1	2	33141506	NC_007605	54739	2_hs1_ebv_cluster4
A00125:289:HWHYWDSXX:4:1164:11532:1204	2_hs1	2	33141507	NC_007605	57863	2_hs1_ebv_cluster5
A00125:289:HWHYWDSXX:4:2453:5511:4930	2_hs1	2	33141507	NC_007605	74744	
A00155:256:HWMGCDSXX:4:1650:32136:17879	2_hs1	2	33141508	NC_007605	159860	2_hs1_ebv_cluster16
A00155:256:HWMGCDSXX:4:1566:24831:17221	2_hs1	2	33141509	NC_007605	36554	2_hs1_ebv_cluster1
A00125:289:HWHYWDSXX:4:2504:31684:23578	2_hs1	2	33141509	NC_007605	135314	2_hs1_ebv_cluster15
A00125:289:HWHYWDSXX:4:1546:4363:16063	2_hs1	2	33141510	NC_007605	36576	2_hs1_ebv_cluster1
A00155:256:HWMGCDSXX:4:2670:18412:21793	2_hs1	2	33141510	NC_007605	74118	
A00155:256:HWMGCDSXX:4:2176:14226:35086	2_hs1	2	33141510	NC_007605	107780	2_hs1_ebv_cluster11
A00155:256:HWMGCDSXX:4:1635:28772:19695	2_hs1	2	33141510	NC_007605	139731	2_hs1_ebv_cluster15
A00125:289:HWHYWDSXX:4:2253:10945:14998	2_hs1	2	33141512	NC_007605	138733	2_hs1_ebv_cluster15
A00155:256:HWMGCDSXX:4:2254:20094:16564	2_hs1	2	33141513	NC_007605	69717	2_hs1_ebv_cluster6
A00155:256:HWMGCDSXX:4:1505:18132:3865	2_hs1	2	33141514	NC_007605	49740	
A00155:256:HWMGCDSXX:4:1558:24243:29512	2_hs1	2	33141515	NC_007605	83796	2_hs1_ebv_cluster7
A00155:256:HWMGCDSXX:4:1303:20898:19304	2_hs1	2	33141515	NC_007605	123748	2_hs1_ebv_cluster13
A00125:289:HWHYWDSXX:4:2236:7663:3270	2_hs1	2	33141516	NC_007605	90052	
A00125:289:HWHYWDSXX:4:2533:26006:18192	2_hs1	2	33141521	NC_007605	91871	2_hs1_ebv_cluster8
A00125:289:HWHYWDSXX:4:1613:4264:15608	2_hs1	2	33141523	NC_007605	66899	
A00125:289:HWHYWDSXX:4:1571:25663:6449	2_hs1	2	33141523	NC_007605	124077	2_hs1_ebv_cluster13
A00155:256:HWMGCDSXX:4:1278:7690:29841	2_hs1	2	33141524	NC_007605	139659	2_hs1_ebv_cluster15
A00125:289:HWHYWDSXX:4:2175:31439:13573	2_hs1	2	33141524	NC_007605	163587	
A00125:289:HWHYWDSXX:4:1251:15004:26443	2_hs1	2	33141526	NC_007605	139352	2_hs1_ebv_cluster15
A00125:289:HWHYWDSXX:4:2415:27100:31861	2_hs1	2	33141534	NC_007605	36911	2_hs1_ebv_cluster1
A00125:289:HWHYWDSXX:4:2375:20500:10379	2_hs1	2	33141538	NC_007605	82398	
A00125:289:HWHYWDSXX:4:1570:19253:9314	2_hs1	2	33141541	NC_007605	96748	2_hs1_ebv_cluster8
A00125:289:HWHYWDSXX:4:2242:27507:26021	2_hs1	2	33141545	NC_007605	102542	2_hs1_ebv_cluster10
A00125:289:HWHYWDSXX:4:2241:22507:6370	2_hs1	2	33141545	NC_007605	103878	2_hs1_ebv_cluster10
A00125:289:HWHYWDSXX:4:2355:11677:27414	2_hs1	2	33141551	NC_007605	82110	
A00125:289:HWHYWDSXX:4:1431:16215:20619	2_hs1	2	33141552	NC_007605	86250	
A00155:256:HWMGCDSXX:4:2678:25283:24706	2_hs1	2	33141552	NC_007605	169331	2_hs1_ebv_cluster18
A00155:256:HWMGCDSXX:4:1163:13259:10770	2_hs1	2	33141553	NC_007605	8281	
A00155:256:HWMGCDSXX:4:2601:3938:26663	2_hs1	2	33141553	NC_007605	45482	2_hs1_ebv_cluster2
A00125:289:HWHYWDSXX:4:2124:8097:33207	2_hs1	2	33141553	NC_007605	64688	
A00155:256:HWMGCDSXX:4:2643:16107:11537	2_hs1	2	33141553	NC_007605	80116	
A00155:256:HWMGCDSXX:4:1475:24017:29966	2_hs1	2	33141553	NC_007605	93961	2_hs1_ebv_cluster8
A00155:256:HWMGCDSXX:4:2257:8106:27837	2_hs1	2	33141553	NC_007605	94370	2_hs1_ebv_cluster8
A00155:256:HWMGCDSXX:4:2272:13557:3521	2_hs1	2	33141553	NC_007605	98985	2_hs1_ebv_cluster9
A00155:256:HWMGCDSXX:4:2274:6949:1971	2_hs1	2	33141553	NC_007605	104922	
A00125:289:HWHYWDSXX:4:1112:31376:23390	2_hs1	2	33141553	NC_007605	120507	2_hs1_ebv_cluster12
A00125:289:HWHYWDSXX:4:2463:4499:20650	2_hs1	2	33141553	NC_007605	121792	
A00155:256:HWMGCDSXX:4:1407:5303:31501	2_hs1	2	33141553	NC_007605	139215	2_hs1_ebv_cluster15
A00155:256:HWMGCDSXX:4:1253:4716:29136	2_hs1	2	33141553	NC_007605	139287	2_hs1_ebv_cluster15
A00125:289:HWHYWDSXX:4:2238:4399:30436	2_hs1	2	33141553	NC_007605	143264	
A00155:256:HWMGCDSXX:4:1416:9453:27289	2_hs1	2	33141554	NC_007605	58711	2_hs1_ebv_cluster5
A00155:256:HWMGCDSXX:4:1622:21658:28103	2_hs1	2	33141554	NC_007605	83692	2_hs1_ebv_cluster7
A00155:256:HWMGCDSXX:4:1415:11577:8108	2_hs1	2	33141554	NC_007605	93803	2_hs1_ebv_cluster8
A00125:289:HWHYWDSXX:4:2176:29116:11960	2_hs1	2	33141555	NC_007605	9600	
A00155:256:HWMGCDSXX:4:1103:32877:22232	2_hs1	2	33141556	NC_007605	37626	2_hs1_ebv_cluster1
A00125:289:HWHYWDSXX:4:2118:5113:35243	2_hs1	2	33141556	NC_007605	46657	2_hs1_ebv_cluster2
A00125:289:HWHYWDSXX:4:2105:5710:9878	2_hs1	2	33141556	NC_007605	53482	2_hs1_ebv_cluster4
A00155:256:HWMGCDSXX:4:1512:5855:18333	2_hs1	2	33141556	NC_007605	130580	
A00125:289:HWHYWDSXX:4:1472:31114:32299	2_hs1	2	33141556	NC_007605	160599	2_hs1_ebv_cluster16
A00155:256:HWMGCDSXX:4:2660:24008:9126	2_hs1	2	33141559	NC_007605	43268	
A00155:256:HWMGCDSXX:4:2522:26467:28197	2_hs1	2	33141559	NC_007605	47785	2_hs1_ebv_cluster3
A00155:256:HWMGCDSXX:4:2132:16432:5901	2_hs1	2	33141560	NC_007605	115029	
A00125:289:HWHYWDSXX:4:2367:30779:29058	2_hs1	2	33141561	NC_007605	44805	2_hs1_ebv_cluster2
A00125:289:HWHYWDSXX:4:2639:17499:20212	2_hs1	2	33141562	NC_007605	67155	
A00125:289:HWHYWDSXX:4:2124:29333:28808	2_hs1	2	33141562	NC_007605	160281	2_hs1_ebv_cluster16
A00125:289:HWHYWDSXX:4:1662:29677:7607	2_hs1	2	33141565	NC_007605	152378	
A00125:289:HWHYWDSXX:4:2536:4426:13604	2_hs1	2	33141565	NC_007605	160893	2_hs1_ebv_cluster16
A00155:256:HWMGCDSXX:4:1669:1940:30154	2_hs1	2	33141565	NC_007605	169377	2_hs1_ebv_cluster18
A00125:289:HWHYWDSXX:4:1622:31702:15969	2_hs1	2	33141569	NC_007605	93961	2_hs1_ebv_cluster8
A00155:256:HWMGCDSXX:4:1528:18530:2519	2_hs1	2	33141570	NC_007605	128287	
A00125:289:HWHYWDSXX:4:2447:29857:29716	2_hs1	2	33141571	NC_007605	39820	
A00155:256:HWMGCDSXX:4:1316:8693:24001	2_hs1	2	33141571	NC_007605	69527	2_hs1_ebv_cluster6
A00155:256:HWMGCDSXX:4:2662:8639:27258	2_hs1	2	33141571	NC_007605	93343	2_hs1_ebv_cluster8
A00155:256:HWMGCDSXX:4:1204:23647:33865	2_hs1	2	33141573	NC_007605	4966	
A00155:256:HWMGCDSXX:4:1106:32488:13823	2_hs1	2	33141574	NC_007605	93961	2_hs1_ebv_cluster8
A00155:256:HWMGCDSXX:4:2514:13883:4460	2_hs1	2	33141576	NC_007605	35935	2_hs1_ebv_cluster1
A00155:256:HWMGCDSXX:4:2162:30996:26365	2_hs1	2	33141579	NC_007605	77447	
A00125:289:HWHYWDSXX:4:1201:22950:26866	2_hs1	2	33141579	NC_007605	138477	2_hs1_ebv_cluster15
A00155:256:HWMGCDSXX:4:2533:19045:27649	2_hs1	2	33141581	NC_007605	53743	2_hs1_ebv_cluster4
A00125:289:HWHYWDSXX:4:2171:2338:14810	2_hs1	2	33141582	NC_007605	163245	
A00155:256:HWMGCDSXX:4:1651:26657:32878	2_hs1	2	33141584	NC_007605	169315	2_hs1_ebv_cluster18
A00155:256:HWMGCDSXX:4:1633:29414:7623	2_hs1	2	33141585	NC_007605	109206	2_hs1_ebv_cluster11
A00155:256:HWMGCDSXX:4:2441:9525:3333	2_hs1	2	33141585	NC_007605	164611	2_hs1_ebv_cluster17
A00155:256:HWMGCDSXX:4:2416:3658:6042	2_hs1	2	33141586	NC_007605	169319	2_hs1_ebv_cluster18
A00125:289:HWHYWDSXX:4:2629:10393:33771	2_hs1	2	33141589	NC_007605	95589	2_hs1_ebv_cluster8
A00155:256:HWMGCDSXX:4:1133:9616:32111	2_hs1	2	33141589	NC_007605	171658	
A00155:256:HWMGCDSXX:4:2451:1380:31375	2_hs1	2	33141593	NC_007605	109061	2_hs1_ebv_cluster11
A00155:256:HWMGCDSXX:4:1359:17870:32659	2_hs1	2	33141602	NC_007605	154193	
A00125:289:HWHYWDSXX:4:1677:15420:26005	2_hs1	2	33141606	NC_007605	89699	
A00155:256:HWMGCDSXX:4:2329:20410:15013	2_hs1	2	33141606	NC_007605	165401	2_hs1_ebv_cluster17
A00125:289:HWHYWDSXX:4:1105:27037:35916	2_hs1	2	33141623	NC_007605	58852	2_hs1_ebv_cluster5
A00125:289:HWHYWDSXX:4:1430:9118:15248	2_hs1	2	33141626	NC_007605	36321	2_hs1_ebv_cluster1
A00125:289:HWHYWDSXX:4:1325:8558:28902		2	50626923	NC_007605	114671	
A00155:256:HWMGCDSXX:4:2470:3803:4664		2	54247272	NC_007605	52955	
A00155:256:HWMGCDSXX:4:1257:29930:30091		2	55144490	NC_007605	129148	
A00155:256:HWMGCDSXX:4:1350:29134:8234		2	57011004	NC_007605	137670	
A00155:256:HWMGCDSXX:4:1275:20763:23703		2	60026719	NC_007605	122873	
A00125:289:HWHYWDSXX:4:2547:19633:36871		2	60243453	NC_007605	60906	
A00125:289:HWHYWDSXX:4:2120:31846:26271		2	118490529	NC_007605	84171	
A00155:256:HWMGCDSXX:4:1218:7554:11694		2	123880895	NC_007605	74430	
A00155:256:HWMGCDSXX:4:1444:29966:26835		2	132032742	NC_007605	153278	
A00155:256:HWMGCDSXX:4:1674:12075:14826		2	143012809	NC_007605	6771	
A00125:289:HWHYWDSXX:4:1601:10339:8970		2	143407904	NC_007605	144323	
A00155:256:HWMGCDSXX:4:1163:22580:6026		2	146346477	NC_007605	122716	
A00155:256:HWMGCDSXX:4:1165:14027:4178		2	151866626	NC_007605	132002	
A00155:256:HWMGCDSXX:4:1140:31150:15984		2	154078823	NC_007605	36286	
A00155:256:HWMGCDSXX:4:2361:25898:12931		2	174568803	NC_007605	153841	
A00155:256:HWMGCDSXX:4:1152:18087:6918		2	188840591	NC_007605	101694	
A00125:289:HWHYWDSXX:4:1302:26585:34757		2	193222266	NC_007605	57189	
A00155:256:HWMGCDSXX:4:2305:24786:33144		2	203278878	NC_007605	11211	
A00155:256:HWMGCDSXX:4:2570:29677:18944		2	208052366	NC_007605	167338	
A00125:289:HWHYWDSXX:4:2113:7934:26663		2	223731462	NC_007605	57848	
A00155:256:HWMGCDSXX:4:2268:23827:36025		2	223731462	NC_007605	156662	
A00155:256:HWMGCDSXX:4:1630:2736:26365		2	223731463	NC_007605	36309	
A00155:256:HWMGCDSXX:4:1113:3577:23437		2	223731463	NC_007605	139215	
A00125:289:HWHYWDSXX:4:1128:31412:30248		2	228349396	NC_007605	96892	
A00155:256:HWMGCDSXX:4:2629:16233:10441		2	229575066	NC_007605	120356	
A00155:256:HWMGCDSXX:4:2101:30373:16892		2	230451224	NC_007605	128087	
A00125:289:HWHYWDSXX:4:2360:30373:3583		2	234251714	NC_007605	145479	
A00125:289:HWHYWDSXX:4:1562:21649:12305		2	242170798	NC_007605	132712	
A00155:256:HWMGCDSXX:4:2414:10285:3646		20	3454997	NC_007605	98031	
A00155:256:HWMGCDSXX:4:1402:31313:3897		20	12922459	NC_007605	47162	
A00125:289:HWHYWDSXX:4:1577:10845:17268		20	19405372	NC_007605	3340	
A00155:256:HWMGCDSXX:4:1474:23791:3114		20	38301979	NC_007605	132689	
A00155:256:HWMGCDSXX:4:2569:4924:27054		20	55925933	NC_007605	138663	
A00125:289:HWHYWDSXX:4:1412:20735:11287		20	62528834	NC_007605	129416	
A00125:289:HWHYWDSXX:4:2245:22652:5149		21	23821283	NC_007605	37233	
A00155:256:HWMGCDSXX:4:2253:31593:15154		21	26139707	NC_007605	35860	
A00125:289:HWHYWDSXX:4:1468:20880:19116		21	32879485	NC_007605	109335	
A00155:256:HWMGCDSXX:4:2610:1443:27665		21	35074387	NC_007605	11433	
A00155:256:HWMGCDSXX:4:2227:5231:25958		21	47778525	NC_007605	138782	
A00125:289:HWHYWDSXX:4:1261:20085:32236		22	19885386	NC_007605	69255	
A00125:289:HWHYWDSXX:4:1574:8802:10880		22	20151075	NC_007605	36400	
A00155:256:HWMGCDSXX:4:1370:28583:32769		22	33007260	NC_007605	132136	
A00155:256:HWMGCDSXX:4:1368:12717:3599		22	39249806	NC_007605	165017	
A00125:289:HWHYWDSXX:4:1634:20690:24799		22	48575731	NC_007605	99521	
A00125:289:HWHYWDSXX:4:2618:30861:32049		22	50420029	NC_007605	55683	
A00125:289:HWHYWDSXX:4:2426:8422:33865		3	5079880	NC_007605	139416	
A00125:289:HWHYWDSXX:4:1551:7355:20650		3	5325008	NC_007605	124765	
A00125:289:HWHYWDSXX:4:1639:29993:29794		3	5650441	NC_007605	105907	
A00155:256:HWMGCDSXX:4:1625:18059:28792		3	21017101	NC_007605	80247	
A00125:289:HWHYWDSXX:4:1547:21567:24064		3	48244076	NC_007605	70566	
A00155:256:HWMGCDSXX:4:2228:5547:29763		3	67636389	NC_007605	120226	
A00125:289:HWHYWDSXX:4:1459:28700:30812		3	68411027	NC_007605	90893	
A00125:289:HWHYWDSXX:4:2462:11225:8500		3	132261384	NC_007605	101677	
A00155:256:HWMGCDSXX:4:1450:21694:1830		3	142723186	NC_007605	147552	
A00155:256:HWMGCDSXX:4:2473:28131:9721		3	143618369	NC_007605	109136	
A00155:256:HWMGCDSXX:4:1555:26883:18302		3	147709571	NC_007605	98583	
A00125:289:HWHYWDSXX:4:1512:31937:12148		3	148009856	NC_007605	157770	
A00125:289:HWHYWDSXX:4:2531:7283:1016		3	155254975	NC_007605	118424	
A00155:256:HWMGCDSXX:4:1361:21215:20196		3	182363209	NC_007605	163343	
A00155:256:HWMGCDSXX:4:2457:19036:26913		3	185846915	NC_007605	129641	
A00125:289:HWHYWDSXX:4:1606:30915:12915		3	191534510	NC_007605	121599	
A00155:256:HWMGCDSXX:4:2174:27335:25285		3	193830133	NC_007605	77537	
A00155:256:HWMGCDSXX:4:1356:20781:1376		4	2711883	NC_007605	147552	
A00125:289:HWHYWDSXX:4:1542:26087:30452		4	19079464	NC_007605	856	
A00155:256:HWMGCDSXX:4:1119:8684:34350		4	35767500	NC_007605	74458	
A00155:256:HWMGCDSXX:4:2346:17788:33708		4	41218426	NC_007605	84269	
A00155:256:HWMGCDSXX:4:2562:17770:29857		4	49275710	NC_007605	107943	
A00125:289:HWHYWDSXX:4:2137:15637:18834		4	49275710	NC_007605	158005	
A00125:289:HWHYWDSXX:4:1221:23665:8093		4	49275710	NC_007605	162094	
A00125:289:HWHYWDSXX:4:1502:24171:11882		4	61632530	NC_007605	137278	
A00125:289:HWHYWDSXX:4:2472:3125:18020		4	77821998	NC_007605	155695	
A00155:256:HWMGCDSXX:4:2417:17427:12602		4	128852039	NC_007605	101778	
A00155:256:HWMGCDSXX:4:1455:16667:21277		4	131346346	NC_007605	134930	
A00125:289:HWHYWDSXX:4:1659:12644:22106		4	131346347	NC_007605	133876	
A00155:256:HWMGCDSXX:4:1556:2889:25911		4	131346351	NC_007605	69456	
A00155:256:HWMGCDSXX:4:1604:17598:32847		4	132211849	NC_007605	163744	
A00125:289:HWHYWDSXX:4:1443:32027:31407		4	135281766	NC_007605	63690	
A00155:256:HWMGCDSXX:4:2448:7247:2988		4	139473195	NC_007605	80368	
A00125:289:HWHYWDSXX:4:2264:28320:11083		4	143296494	NC_007605	85226	
A00125:289:HWHYWDSXX:4:1543:6433:15922		4	167524871	NC_007605	144688	
A00155:256:HWMGCDSXX:4:2536:27977:26334		4	167524881	NC_007605	164695	
A00155:256:HWMGCDSXX:4:2469:21386:4836		4	174516199	NC_007605	8444	
A00125:289:HWHYWDSXX:4:2171:31367:12446		4	181107416	NC_007605	162840	
A00125:289:HWHYWDSXX:4:2358:19171:29089		5	10259303	NC_007605	134797	
A00125:289:HWHYWDSXX:4:2346:32506:6464		5	20814209	NC_007605	125364	
A00155:256:HWMGCDSXX:4:1529:7229:33176		5	31521552	NC_007605	131677	
A00155:256:HWMGCDSXX:4:1267:27100:28917		5	45640696	NC_007605	152689	
A00155:256:HWMGCDSXX:4:1236:19569:30185		5	52090484	NC_007605	75788	
A00155:256:HWMGCDSXX:4:1176:6479:7200		5	65996517	NC_007605	88570	
A00155:256:HWMGCDSXX:4:1351:7735:33051		5	66988325	NC_007605	44123	
A00155:256:HWMGCDSXX:4:2548:7193:6214		5	100601599	NC_007605	160383	
A00125:289:HWHYWDSXX:4:1646:4987:17425		5	105081880	NC_007605	146849	
A00155:256:HWMGCDSXX:4:2150:12463:24236		5	112085645	NC_007605	10128	
A00125:289:HWHYWDSXX:4:2113:9010:24455		5	123793701	NC_007605	127982	
A00155:256:HWMGCDSXX:4:1312:20582:15875		5	138975457	NC_007605	63911	
A00125:289:HWHYWDSXX:4:2513:22209:27430		5	146979648	NC_007605	8599	
A00125:289:HWHYWDSXX:4:2550:2672:22185		5	148085904	NC_007605	125339	
A00155:256:HWMGCDSXX:4:1668:21983:13228		6	83391809	NC_007605	147280	
A00125:289:HWHYWDSXX:4:1449:5321:5509		6	97601030	NC_007605	120444	
A00155:256:HWMGCDSXX:4:1324:12590:23703		6	103334227	NC_007605	127533	
A00155:256:HWMGCDSXX:4:2114:11351:1705		6	111309398	NC_007605	92411	
A00155:256:HWMGCDSXX:4:2302:9742:31641		6	115763619	NC_007605	79241	
A00125:289:HWHYWDSXX:4:1351:9616:10473		6	137517510	NC_007605	73334	
A00125:289:HWHYWDSXX:4:1576:16929:3881		6	147391960	NC_007605	161886	
A00155:256:HWMGCDSXX:4:1342:23384:14904		6	154609793	NC_007605	35429	
A00155:256:HWMGCDSXX:4:2560:21251:1125		6	160521756	NC_007605	84913	
A00155:256:HWMGCDSXX:4:2365:15275:31360		6	160521758	NC_007605	127205	
A00125:289:HWHYWDSXX:4:1158:9543:7467		7	11815976	NC_007605	114607	
A00125:289:HWHYWDSXX:4:2365:27733:9627		7	16281571	NC_007605	125773	
A00155:256:HWMGCDSXX:4:1147:19813:28416		7	31232011	NC_007605	93193	
A00155:256:HWMGCDSXX:4:1269:2573:25488		7	32460539	NC_007605	167140	
A00155:256:HWMGCDSXX:4:1269:2573:25488		7	32460540	NC_007605	167504	
A00155:256:HWMGCDSXX:4:2313:22019:31172		7	38841899	NC_007605	8870	
A00125:289:HWHYWDSXX:4:2225:30147:13808		7	43709353	NC_007605	102340	
A00125:289:HWHYWDSXX:4:1609:21847:32690		7	48903182	NC_007605	107691	
A00155:256:HWMGCDSXX:4:1275:19605:30405		7	52200933	NC_007605	119779	
A00125:289:HWHYWDSXX:4:2139:28727:26913		7	56305321	NC_007605	153553	
A00155:256:HWMGCDSXX:4:1528:31177:6010		7	87333193	NC_007605	154229	
A00125:289:HWHYWDSXX:4:2547:8992:28181	7_hs1	7	105741880	NC_007605	74324	
A00155:256:HWMGCDSXX:4:1667:6623:36949	7_hs1	7	105741881	NC_007605	72134	
A00155:256:HWMGCDSXX:4:1516:20717:21151	7_hs1	7	105741882	NC_007605	159385	
A00125:289:HWHYWDSXX:4:2642:4752:9784	7_hs1	7	105741883	NC_007605	36274	
A00155:256:HWMGCDSXX:4:2245:23059:37012	7_hs1	7	105741883	NC_007605	154546	
A00155:256:HWMGCDSXX:4:2513:7066:19272	7_hs1	7	105741885	NC_007605	36313	
A00155:256:HWMGCDSXX:4:1623:12870:7122		7	109385069	NC_007605	92538	
A00125:289:HWHYWDSXX:4:2260:9091:30953		7	111385285	NC_007605	132230	
A00125:289:HWHYWDSXX:4:2167:4942:17315		7	118343820	NC_007605	86576	
A00155:256:HWMGCDSXX:4:1543:28013:7545		7	121411666	NC_007605	115261	
A00125:289:HWHYWDSXX:4:2143:6659:28902		7	121633625	NC_007605	150935	
A00155:256:HWMGCDSXX:4:1175:16324:22122		7	121633627	NC_007605	70069	
A00155:256:HWMGCDSXX:4:1648:4860:3834		7	128216053	NC_007605	99618	
A00155:256:HWMGCDSXX:4:1338:18439:6715		7	130118167	NC_007605	64578	
A00155:256:HWMGCDSXX:4:2155:27118:34710		7	147867545	NC_007605	147429	
A00155:256:HWMGCDSXX:4:1365:13865:20149		8	10983550	NC_007605	149229	
A00125:289:HWHYWDSXX:4:1274:17589:7341		8	34930861	NC_007605	117879	
A00155:256:HWMGCDSXX:4:2561:19099:9111		8	35114478	NC_007605	164640	
A00155:256:HWMGCDSXX:4:2564:30038:33379		8	57908771	NC_007605	82878	
A00125:289:HWHYWDSXX:4:2562:25870:15483		8	59275999	NC_007605	73834	
A00125:289:HWHYWDSXX:4:2249:6560:13041		8	83570381	NC_007605	138090	
A00155:256:HWMGCDSXX:4:1127:21649:27837		8	100490673	NC_007605	116534	
A00125:289:HWHYWDSXX:4:2549:5032:2973		8	104004196	NC_007605	159579	
A00155:256:HWMGCDSXX:4:1122:31566:2487		8	105107030	NC_007605	88808	
A00155:256:HWMGCDSXX:4:1568:5014:8390		8	106130118	NC_007605	103098	
A00125:289:HWHYWDSXX:4:2455:24505:15749		8	125184243	NC_007605	139213	
A00155:256:HWMGCDSXX:4:2314:31566:7623		9	7442521	NC_007605	151590	
A00155:256:HWMGCDSXX:4:1313:5665:5729		9	11986111	NC_007605	7273	
A00155:256:HWMGCDSXX:4:1378:10592:17331		9	13680752	NC_007605	76553	
A00155:256:HWMGCDSXX:4:1471:24316:6464		9	38611570	NC_007605	92209	
A00125:289:HWHYWDSXX:4:2205:28221:14137		9	40295778	NC_007605	56236	
A00155:256:HWMGCDSXX:4:2376:15718:35916		9	80218862	NC_007605	37833	
A00125:289:HWHYWDSXX:4:2118:19669:18490		9	81430824	NC_007605	150253	
A00125:289:HWHYWDSXX:4:1543:27100:20181		9	116246609	NC_007605	75330	
A00125:289:HWHYWDSXX:4:1652:9353:30217		9	131500296	NC_007605	169048	
A00125:289:HWHYWDSXX:4:1124:8594:27336		9	132628833	NC_007605	52622	
A00125:289:HWHYWDSXX:4:1259:16468:19993		9	132827615	NC_007605	72227	
A00125:289:HWHYWDSXX:4:2172:21314:14356		MT	3295	NC_007605	115563	
A00125:289:HWHYWDSXX:4:1618:23900:27539		X	16428174	NC_007605	86539	
A00125:289:HWHYWDSXX:4:2576:16767:17785		X	17755539	NC_007605	59636	
A00125:289:HWHYWDSXX:4:1232:5113:10692		X	34681235	NC_007605	138639	
A00155:256:HWMGCDSXX:4:2210:3016:11381		X	115974453	NC_007605	97099	
A00125:289:HWHYWDSXX:4:2432:19479:11553		X	146108446	NC_007605	169178	
A00125:289:HWHYWDSXX:4:2167:2691:11725		X	150872329	NC_007605	11331	
A00155:256:HWMGCDSXX:4:2565:3902:29230		X	150872337	NC_007605	58501	
A00155:256:HWMGCDSXX:4:1552:8043:33614		Y	16692069	NC_007605	149349	
A00155:256:HWMGCDSXX:4:2540:25952:16376		Y	17994851	NC_007605	48534	
A00125:289:HWHYWDSXX:4:1330:16649:4398		Y	17994851	NC_007605	79031	
A00125:289:HWHYWDSXX:4:2227:8630:2942		Y	17994866	NC_007605	169530	
A00125:289:HWHYWDSXX:4:2441:11704:15875		Y	18008645	NC_007605	10356	
A00125:289:HWHYWDSXX:4:1277:21567:4147		Y	18008645	NC_007605	99550	
A00125:289:HWHYWDSXX:4:2313:26404:36918		Y	18008649	NC_007605	44798	
A00125:289:HWHYWDSXX:4:2249:13530:28745		Y	18647581	NC_007605	190	
A00125:289:HWHYWDSXX:4:2631:21847:16908		hs37d5	1453362	NC_007605	122268	
A00125:289:HWHYWDSXX:4:2635:26802:22326		hs37d5	4782175	NC_007605	68249	
A00155:256:HWMGCDSXX:4:1355:14534:20055		hs37d5	12161712	NC_007605	36402	
A00125:289:HWHYWDSXX:4:1322:2257:33739		hs37d5	21483604	NC_007605	93800	
